{
	"class_name" : "PinholeCameraParameters",
	"extrinsic" : 
	[
		0.8384350509051377,
		0.42217463314992182,
		-0.34466686022655008,
		0.0,
		0.46721266876359341,
		-0.23116533795013725,
		0.85339024407196018,
		0.0,
		0.28060468200031891,
		-0.8765450163312366,
		-0.39106245892999264,
		0.0,
		-24.0778464269792,
		-9.4621068499360561,
		104.77226196003649,
		1.0
	],
	"intrinsic" : 
	{
		"height" : 1061,
		"intrinsic_matrix" : 
		[
			918.85295341528945,
			0.0,
			0.0,
			0.0,
			918.85295341528945,
			0.0,
			959.5,
			530.0,
			1.0
		],
		"width" : 1920
	},
	"version_major" : 1,
	"version_minor" : 0
}